onnx/ruarobot/perturbations_0.onnx,vnnlib/ruarobot/hyperrectangle_7852.vnnlib,20
onnx/ruarobot/perturbations_0.onnx,vnnlib/ruarobot/hyperrectangle_1218.vnnlib,20
onnx/ruarobot/perturbations_0.onnx,vnnlib/ruarobot/hyperrectangle_2892.vnnlib,20
onnx/ruarobot/perturbations_0.onnx,vnnlib/ruarobot/hyperrectangle_4479.vnnlib,20
onnx/medical/perturbations_0.onnx,vnnlib/medical/hyperrectangle_2733.vnnlib,20
onnx/ruarobot/perturbations_0.onnx,vnnlib/ruarobot/hyperrectangle_3581.vnnlib,20
onnx/ruarobot/perturbations_0.onnx,vnnlib/ruarobot/hyperrectangle_4008.vnnlib,20
onnx/ruarobot/perturbations_0.onnx,vnnlib/ruarobot/hyperrectangle_238.vnnlib,20
onnx/ruarobot/perturbations_0.onnx,vnnlib/ruarobot/hyperrectangle_2308.vnnlib,20
onnx/ruarobot/perturbations_0.onnx,vnnlib/ruarobot/hyperrectangle_6652.vnnlib,20
onnx/ruarobot/perturbations_0.onnx,vnnlib/ruarobot/hyperrectangle_3439.vnnlib,20
onnx/ruarobot/perturbations_0.onnx,vnnlib/ruarobot/hyperrectangle_7545.vnnlib,20
onnx/ruarobot/perturbations_0.onnx,vnnlib/ruarobot/hyperrectangle_7656.vnnlib,20
onnx/medical/perturbations_0.onnx,vnnlib/medical/hyperrectangle_1819.vnnlib,20
onnx/ruarobot/perturbations_0.onnx,vnnlib/ruarobot/hyperrectangle_1961.vnnlib,20
onnx/ruarobot/perturbations_0.onnx,vnnlib/ruarobot/hyperrectangle_5473.vnnlib,20
onnx/ruarobot/perturbations_0.onnx,vnnlib/ruarobot/hyperrectangle_5040.vnnlib,20
onnx/ruarobot/perturbations_0.onnx,vnnlib/ruarobot/hyperrectangle_2846.vnnlib,20
onnx/ruarobot/perturbations_0.onnx,vnnlib/ruarobot/hyperrectangle_1818.vnnlib,20
onnx/medical/perturbations_0.onnx,vnnlib/medical/hyperrectangle_1319.vnnlib,20
onnx/ruarobot/perturbations_0.onnx,vnnlib/ruarobot/hyperrectangle_7785.vnnlib,20
onnx/ruarobot/perturbations_0.onnx,vnnlib/ruarobot/hyperrectangle_3697.vnnlib,20
onnx/ruarobot/perturbations_0.onnx,vnnlib/ruarobot/hyperrectangle_5363.vnnlib,20
onnx/ruarobot/perturbations_0.onnx,vnnlib/ruarobot/hyperrectangle_5448.vnnlib,20
onnx/ruarobot/perturbations_0.onnx,vnnlib/ruarobot/hyperrectangle_7489.vnnlib,20
onnx/medical/perturbations_0.onnx,vnnlib/medical/hyperrectangle_1182.vnnlib,20
onnx/medical/perturbations_0.onnx,vnnlib/medical/hyperrectangle_2029.vnnlib,20
onnx/medical/perturbations_0.onnx,vnnlib/medical/hyperrectangle_858.vnnlib,20
onnx/ruarobot/perturbations_0.onnx,vnnlib/ruarobot/hyperrectangle_334.vnnlib,20
onnx/medical/perturbations_0.onnx,vnnlib/medical/hyperrectangle_1866.vnnlib,20
onnx/ruarobot/perturbations_0.onnx,vnnlib/ruarobot/hyperrectangle_2967.vnnlib,20
onnx/ruarobot/perturbations_0.onnx,vnnlib/ruarobot/hyperrectangle_3304.vnnlib,20
onnx/ruarobot/perturbations_0.onnx,vnnlib/ruarobot/hyperrectangle_6134.vnnlib,20
onnx/ruarobot/perturbations_0.onnx,vnnlib/ruarobot/hyperrectangle_3056.vnnlib,20
onnx/ruarobot/perturbations_0.onnx,vnnlib/ruarobot/hyperrectangle_1254.vnnlib,20
onnx/ruarobot/perturbations_0.onnx,vnnlib/ruarobot/hyperrectangle_1563.vnnlib,20
onnx/medical/perturbations_0.onnx,vnnlib/medical/hyperrectangle_621.vnnlib,20
onnx/medical/perturbations_0.onnx,vnnlib/medical/hyperrectangle_2131.vnnlib,20
onnx/ruarobot/perturbations_0.onnx,vnnlib/ruarobot/hyperrectangle_2445.vnnlib,20
onnx/medical/perturbations_0.onnx,vnnlib/medical/hyperrectangle_1259.vnnlib,20
onnx/medical/perturbations_0.onnx,vnnlib/medical/hyperrectangle_1252.vnnlib,20
onnx/medical/perturbations_0.onnx,vnnlib/medical/hyperrectangle_394.vnnlib,20
onnx/ruarobot/perturbations_0.onnx,vnnlib/ruarobot/hyperrectangle_6640.vnnlib,20
onnx/medical/perturbations_0.onnx,vnnlib/medical/hyperrectangle_2676.vnnlib,20
onnx/ruarobot/perturbations_0.onnx,vnnlib/ruarobot/hyperrectangle_2206.vnnlib,20
onnx/ruarobot/perturbations_0.onnx,vnnlib/ruarobot/hyperrectangle_3776.vnnlib,20
onnx/ruarobot/perturbations_0.onnx,vnnlib/ruarobot/hyperrectangle_1507.vnnlib,20
onnx/ruarobot/perturbations_0.onnx,vnnlib/ruarobot/hyperrectangle_3152.vnnlib,20
onnx/ruarobot/perturbations_0.onnx,vnnlib/ruarobot/hyperrectangle_7348.vnnlib,20
onnx/ruarobot/perturbations_0.onnx,vnnlib/ruarobot/hyperrectangle_4613.vnnlib,20
onnx/ruarobot/perturbations_0.onnx,vnnlib/ruarobot/hyperrectangle_2397.vnnlib,20
onnx/medical/perturbations_0.onnx,vnnlib/medical/hyperrectangle_2509.vnnlib,20
onnx/ruarobot/perturbations_0.onnx,vnnlib/ruarobot/hyperrectangle_6908.vnnlib,20
onnx/ruarobot/perturbations_0.onnx,vnnlib/ruarobot/hyperrectangle_2958.vnnlib,20
onnx/ruarobot/perturbations_0.onnx,vnnlib/ruarobot/hyperrectangle_1029.vnnlib,20
onnx/ruarobot/perturbations_0.onnx,vnnlib/ruarobot/hyperrectangle_7493.vnnlib,20
onnx/ruarobot/perturbations_0.onnx,vnnlib/ruarobot/hyperrectangle_2670.vnnlib,20
onnx/ruarobot/perturbations_0.onnx,vnnlib/ruarobot/hyperrectangle_1534.vnnlib,20
onnx/medical/perturbations_0.onnx,vnnlib/medical/hyperrectangle_1330.vnnlib,20
onnx/medical/perturbations_0.onnx,vnnlib/medical/hyperrectangle_2510.vnnlib,20
onnx/ruarobot/perturbations_0.onnx,vnnlib/ruarobot/hyperrectangle_3315.vnnlib,20
onnx/ruarobot/perturbations_0.onnx,vnnlib/ruarobot/hyperrectangle_4777.vnnlib,20
onnx/medical/perturbations_0.onnx,vnnlib/medical/hyperrectangle_2314.vnnlib,20
onnx/ruarobot/perturbations_0.onnx,vnnlib/ruarobot/hyperrectangle_610.vnnlib,20
onnx/ruarobot/perturbations_0.onnx,vnnlib/ruarobot/hyperrectangle_5417.vnnlib,20
onnx/ruarobot/perturbations_0.onnx,vnnlib/ruarobot/hyperrectangle_5358.vnnlib,20
onnx/ruarobot/perturbations_0.onnx,vnnlib/ruarobot/hyperrectangle_5790.vnnlib,20
onnx/ruarobot/perturbations_0.onnx,vnnlib/ruarobot/hyperrectangle_1328.vnnlib,20
onnx/ruarobot/perturbations_0.onnx,vnnlib/ruarobot/hyperrectangle_3071.vnnlib,20
onnx/ruarobot/perturbations_0.onnx,vnnlib/ruarobot/hyperrectangle_6522.vnnlib,20
onnx/ruarobot/perturbations_0.onnx,vnnlib/ruarobot/hyperrectangle_4265.vnnlib,20
onnx/ruarobot/perturbations_0.onnx,vnnlib/ruarobot/hyperrectangle_6582.vnnlib,20
onnx/ruarobot/perturbations_0.onnx,vnnlib/ruarobot/hyperrectangle_1312.vnnlib,20
onnx/ruarobot/perturbations_0.onnx,vnnlib/ruarobot/hyperrectangle_5367.vnnlib,20
onnx/ruarobot/perturbations_0.onnx,vnnlib/ruarobot/hyperrectangle_7400.vnnlib,20
onnx/ruarobot/perturbations_0.onnx,vnnlib/ruarobot/hyperrectangle_4339.vnnlib,20
onnx/ruarobot/perturbations_0.onnx,vnnlib/ruarobot/hyperrectangle_5921.vnnlib,20
onnx/ruarobot/perturbations_0.onnx,vnnlib/ruarobot/hyperrectangle_5296.vnnlib,20
onnx/ruarobot/perturbations_0.onnx,vnnlib/ruarobot/hyperrectangle_2405.vnnlib,20
onnx/medical/perturbations_0.onnx,vnnlib/medical/hyperrectangle_933.vnnlib,20
onnx/medical/perturbations_0.onnx,vnnlib/medical/hyperrectangle_1266.vnnlib,20
onnx/ruarobot/perturbations_0.onnx,vnnlib/ruarobot/hyperrectangle_3147.vnnlib,20
onnx/ruarobot/perturbations_0.onnx,vnnlib/ruarobot/hyperrectangle_4959.vnnlib,20
onnx/ruarobot/perturbations_0.onnx,vnnlib/ruarobot/hyperrectangle_1402.vnnlib,20
onnx/ruarobot/perturbations_0.onnx,vnnlib/ruarobot/hyperrectangle_4612.vnnlib,20
onnx/ruarobot/perturbations_0.onnx,vnnlib/ruarobot/hyperrectangle_5316.vnnlib,20
onnx/ruarobot/perturbations_0.onnx,vnnlib/ruarobot/hyperrectangle_5742.vnnlib,20
onnx/ruarobot/perturbations_0.onnx,vnnlib/ruarobot/hyperrectangle_6158.vnnlib,20
onnx/ruarobot/perturbations_0.onnx,vnnlib/ruarobot/hyperrectangle_6274.vnnlib,20
onnx/medical/perturbations_0.onnx,vnnlib/medical/hyperrectangle_709.vnnlib,20
onnx/medical/perturbations_0.onnx,vnnlib/medical/hyperrectangle_2366.vnnlib,20
onnx/medical/perturbations_0.onnx,vnnlib/medical/hyperrectangle_691.vnnlib,20
onnx/ruarobot/perturbations_0.onnx,vnnlib/ruarobot/hyperrectangle_1167.vnnlib,20
onnx/medical/perturbations_0.onnx,vnnlib/medical/hyperrectangle_1774.vnnlib,20
onnx/medical/perturbations_0.onnx,vnnlib/medical/hyperrectangle_1731.vnnlib,20
onnx/ruarobot/perturbations_0.onnx,vnnlib/ruarobot/hyperrectangle_5891.vnnlib,20
onnx/ruarobot/perturbations_0.onnx,vnnlib/ruarobot/hyperrectangle_3223.vnnlib,20
onnx/ruarobot/perturbations_0.onnx,vnnlib/ruarobot/hyperrectangle_1060.vnnlib,20
onnx/medical/perturbations_0.onnx,vnnlib/medical/hyperrectangle_2530.vnnlib,20
onnx/ruarobot/perturbations_0.onnx,vnnlib/ruarobot/hyperrectangle_4677.vnnlib,20
onnx/ruarobot/perturbations_0.onnx,vnnlib/ruarobot/hyperrectangle_2876.vnnlib,20
onnx/ruarobot/perturbations_0.onnx,vnnlib/ruarobot/hyperrectangle_467.vnnlib,20
onnx/ruarobot/perturbations_0.onnx,vnnlib/ruarobot/hyperrectangle_1294.vnnlib,20
onnx/ruarobot/perturbations_0.onnx,vnnlib/ruarobot/hyperrectangle_1994.vnnlib,20
onnx/ruarobot/perturbations_0.onnx,vnnlib/ruarobot/hyperrectangle_454.vnnlib,20
onnx/ruarobot/perturbations_0.onnx,vnnlib/ruarobot/hyperrectangle_1852.vnnlib,20
onnx/ruarobot/perturbations_0.onnx,vnnlib/ruarobot/hyperrectangle_4644.vnnlib,20
onnx/ruarobot/perturbations_0.onnx,vnnlib/ruarobot/hyperrectangle_6183.vnnlib,20
onnx/ruarobot/perturbations_0.onnx,vnnlib/ruarobot/hyperrectangle_7181.vnnlib,20
onnx/ruarobot/perturbations_0.onnx,vnnlib/ruarobot/hyperrectangle_2630.vnnlib,20
onnx/ruarobot/perturbations_0.onnx,vnnlib/ruarobot/hyperrectangle_2017.vnnlib,20
onnx/ruarobot/perturbations_0.onnx,vnnlib/ruarobot/hyperrectangle_580.vnnlib,20
onnx/ruarobot/perturbations_0.onnx,vnnlib/ruarobot/hyperrectangle_3131.vnnlib,20
onnx/medical/perturbations_0.onnx,vnnlib/medical/hyperrectangle_1490.vnnlib,20
onnx/ruarobot/perturbations_0.onnx,vnnlib/ruarobot/hyperrectangle_2623.vnnlib,20
onnx/ruarobot/perturbations_0.onnx,vnnlib/ruarobot/hyperrectangle_1856.vnnlib,20
onnx/ruarobot/perturbations_0.onnx,vnnlib/ruarobot/hyperrectangle_4091.vnnlib,20
onnx/ruarobot/perturbations_0.onnx,vnnlib/ruarobot/hyperrectangle_4846.vnnlib,20
onnx/medical/perturbations_0.onnx,vnnlib/medical/hyperrectangle_2850.vnnlib,20
onnx/medical/perturbations_0.onnx,vnnlib/medical/hyperrectangle_1934.vnnlib,20
onnx/ruarobot/perturbations_0.onnx,vnnlib/ruarobot/hyperrectangle_7053.vnnlib,20
onnx/ruarobot/perturbations_0.onnx,vnnlib/ruarobot/hyperrectangle_7718.vnnlib,20
onnx/ruarobot/perturbations_0.onnx,vnnlib/ruarobot/hyperrectangle_7604.vnnlib,20
onnx/ruarobot/perturbations_0.onnx,vnnlib/ruarobot/hyperrectangle_4375.vnnlib,20
onnx/ruarobot/perturbations_0.onnx,vnnlib/ruarobot/hyperrectangle_3025.vnnlib,20
onnx/ruarobot/perturbations_0.onnx,vnnlib/ruarobot/hyperrectangle_2128.vnnlib,20
onnx/ruarobot/perturbations_0.onnx,vnnlib/ruarobot/hyperrectangle_6907.vnnlib,20
onnx/medical/perturbations_0.onnx,vnnlib/medical/hyperrectangle_438.vnnlib,20
onnx/ruarobot/perturbations_0.onnx,vnnlib/ruarobot/hyperrectangle_7095.vnnlib,20
onnx/ruarobot/perturbations_0.onnx,vnnlib/ruarobot/hyperrectangle_4144.vnnlib,20
onnx/ruarobot/perturbations_0.onnx,vnnlib/ruarobot/hyperrectangle_1738.vnnlib,20
onnx/ruarobot/perturbations_0.onnx,vnnlib/ruarobot/hyperrectangle_1466.vnnlib,20
onnx/ruarobot/perturbations_0.onnx,vnnlib/ruarobot/hyperrectangle_4795.vnnlib,20
onnx/ruarobot/perturbations_0.onnx,vnnlib/ruarobot/hyperrectangle_2016.vnnlib,20
onnx/ruarobot/perturbations_0.onnx,vnnlib/ruarobot/hyperrectangle_2639.vnnlib,20
onnx/ruarobot/perturbations_0.onnx,vnnlib/ruarobot/hyperrectangle_4725.vnnlib,20
onnx/ruarobot/perturbations_0.onnx,vnnlib/ruarobot/hyperrectangle_4411.vnnlib,20
onnx/ruarobot/perturbations_0.onnx,vnnlib/ruarobot/hyperrectangle_1043.vnnlib,20
onnx/medical/perturbations_0.onnx,vnnlib/medical/hyperrectangle_2580.vnnlib,20
onnx/ruarobot/perturbations_0.onnx,vnnlib/ruarobot/hyperrectangle_5076.vnnlib,20
onnx/ruarobot/perturbations_0.onnx,vnnlib/ruarobot/hyperrectangle_2759.vnnlib,20
onnx/medical/perturbations_0.onnx,vnnlib/medical/hyperrectangle_97.vnnlib,20
onnx/ruarobot/perturbations_0.onnx,vnnlib/ruarobot/hyperrectangle_7680.vnnlib,20
onnx/medical/perturbations_0.onnx,vnnlib/medical/hyperrectangle_2483.vnnlib,20
onnx/ruarobot/perturbations_0.onnx,vnnlib/ruarobot/hyperrectangle_201.vnnlib,20
onnx/medical/perturbations_0.onnx,vnnlib/medical/hyperrectangle_524.vnnlib,20
onnx/ruarobot/perturbations_0.onnx,vnnlib/ruarobot/hyperrectangle_6759.vnnlib,20
onnx/ruarobot/perturbations_0.onnx,vnnlib/ruarobot/hyperrectangle_289.vnnlib,20
onnx/ruarobot/perturbations_0.onnx,vnnlib/ruarobot/hyperrectangle_2390.vnnlib,20
onnx/medical/perturbations_0.onnx,vnnlib/medical/hyperrectangle_384.vnnlib,20
onnx/ruarobot/perturbations_0.onnx,vnnlib/ruarobot/hyperrectangle_2890.vnnlib,20
onnx/ruarobot/perturbations_0.onnx,vnnlib/ruarobot/hyperrectangle_4252.vnnlib,20
onnx/ruarobot/perturbations_0.onnx,vnnlib/ruarobot/hyperrectangle_495.vnnlib,20
onnx/ruarobot/perturbations_0.onnx,vnnlib/ruarobot/hyperrectangle_836.vnnlib,20
onnx/ruarobot/perturbations_0.onnx,vnnlib/ruarobot/hyperrectangle_7142.vnnlib,20
onnx/ruarobot/perturbations_0.onnx,vnnlib/ruarobot/hyperrectangle_2485.vnnlib,20
onnx/medical/perturbations_0.onnx,vnnlib/medical/hyperrectangle_2791.vnnlib,20
onnx/ruarobot/perturbations_0.onnx,vnnlib/ruarobot/hyperrectangle_1118.vnnlib,20
onnx/medical/perturbations_0.onnx,vnnlib/medical/hyperrectangle_1189.vnnlib,20
onnx/ruarobot/perturbations_0.onnx,vnnlib/ruarobot/hyperrectangle_3270.vnnlib,20
onnx/medical/perturbations_0.onnx,vnnlib/medical/hyperrectangle_2245.vnnlib,20
onnx/ruarobot/perturbations_0.onnx,vnnlib/ruarobot/hyperrectangle_4920.vnnlib,20
onnx/ruarobot/perturbations_0.onnx,vnnlib/ruarobot/hyperrectangle_5426.vnnlib,20
onnx/medical/perturbations_0.onnx,vnnlib/medical/hyperrectangle_1012.vnnlib,20
onnx/medical/perturbations_0.onnx,vnnlib/medical/hyperrectangle_1362.vnnlib,20
onnx/ruarobot/perturbations_0.onnx,vnnlib/ruarobot/hyperrectangle_3664.vnnlib,20
onnx/medical/perturbations_0.onnx,vnnlib/medical/hyperrectangle_2811.vnnlib,20
onnx/medical/perturbations_0.onnx,vnnlib/medical/hyperrectangle_146.vnnlib,20
onnx/ruarobot/perturbations_0.onnx,vnnlib/ruarobot/hyperrectangle_3977.vnnlib,20
onnx/medical/perturbations_0.onnx,vnnlib/medical/hyperrectangle_2212.vnnlib,20
onnx/ruarobot/perturbations_0.onnx,vnnlib/ruarobot/hyperrectangle_7729.vnnlib,20
onnx/ruarobot/perturbations_0.onnx,vnnlib/ruarobot/hyperrectangle_6691.vnnlib,20
onnx/medical/perturbations_0.onnx,vnnlib/medical/hyperrectangle_2598.vnnlib,20
onnx/ruarobot/perturbations_0.onnx,vnnlib/ruarobot/hyperrectangle_4799.vnnlib,20
onnx/medical/perturbations_0.onnx,vnnlib/medical/hyperrectangle_2267.vnnlib,20
onnx/ruarobot/perturbations_0.onnx,vnnlib/ruarobot/hyperrectangle_5463.vnnlib,20
onnx/ruarobot/perturbations_0.onnx,vnnlib/ruarobot/hyperrectangle_4731.vnnlib,20
onnx/medical/perturbations_0.onnx,vnnlib/medical/hyperrectangle_1690.vnnlib,20
onnx/ruarobot/perturbations_0.onnx,vnnlib/ruarobot/hyperrectangle_233.vnnlib,20
onnx/ruarobot/perturbations_0.onnx,vnnlib/ruarobot/hyperrectangle_1915.vnnlib,20
onnx/ruarobot/perturbations_0.onnx,vnnlib/ruarobot/hyperrectangle_5270.vnnlib,20
onnx/ruarobot/perturbations_0.onnx,vnnlib/ruarobot/hyperrectangle_1359.vnnlib,20
onnx/ruarobot/perturbations_0.onnx,vnnlib/ruarobot/hyperrectangle_6122.vnnlib,20
onnx/ruarobot/perturbations_0.onnx,vnnlib/ruarobot/hyperrectangle_722.vnnlib,20
onnx/medical/perturbations_0.onnx,vnnlib/medical/hyperrectangle_272.vnnlib,20
onnx/ruarobot/perturbations_0.onnx,vnnlib/ruarobot/hyperrectangle_1082.vnnlib,20
onnx/medical/perturbations_0.onnx,vnnlib/medical/hyperrectangle_747.vnnlib,20
onnx/ruarobot/perturbations_0.onnx,vnnlib/ruarobot/hyperrectangle_994.vnnlib,20
onnx/medical/perturbations_0.onnx,vnnlib/medical/hyperrectangle_1200.vnnlib,20
onnx/ruarobot/perturbations_0.onnx,vnnlib/ruarobot/hyperrectangle_6981.vnnlib,20
onnx/ruarobot/perturbations_0.onnx,vnnlib/ruarobot/hyperrectangle_3326.vnnlib,20
onnx/ruarobot/perturbations_0.onnx,vnnlib/ruarobot/hyperrectangle_230.vnnlib,20
onnx/ruarobot/perturbations_0.onnx,vnnlib/ruarobot/hyperrectangle_4097.vnnlib,20
onnx/medical/perturbations_0.onnx,vnnlib/medical/hyperrectangle_2149.vnnlib,20
onnx/ruarobot/perturbations_0.onnx,vnnlib/ruarobot/hyperrectangle_4782.vnnlib,20
onnx/ruarobot/perturbations_0.onnx,vnnlib/ruarobot/hyperrectangle_46.vnnlib,20
onnx/ruarobot/perturbations_0.onnx,vnnlib/ruarobot/hyperrectangle_424.vnnlib,20
onnx/ruarobot/perturbations_0.onnx,vnnlib/ruarobot/hyperrectangle_5566.vnnlib,20
onnx/ruarobot/perturbations_0.onnx,vnnlib/ruarobot/hyperrectangle_3505.vnnlib,20
onnx/ruarobot/perturbations_0.onnx,vnnlib/ruarobot/hyperrectangle_2119.vnnlib,20
onnx/ruarobot/perturbations_0.onnx,vnnlib/ruarobot/hyperrectangle_6999.vnnlib,20
onnx/ruarobot/perturbations_0.onnx,vnnlib/ruarobot/hyperrectangle_5668.vnnlib,20
onnx/medical/perturbations_0.onnx,vnnlib/medical/hyperrectangle_1320.vnnlib,20
onnx/medical/perturbations_0.onnx,vnnlib/medical/hyperrectangle_1402.vnnlib,20
onnx/ruarobot/perturbations_0.onnx,vnnlib/ruarobot/hyperrectangle_3471.vnnlib,20
onnx/ruarobot/perturbations_0.onnx,vnnlib/ruarobot/hyperrectangle_5361.vnnlib,20
onnx/ruarobot/perturbations_0.onnx,vnnlib/ruarobot/hyperrectangle_5420.vnnlib,20
onnx/medical/perturbations_0.onnx,vnnlib/medical/hyperrectangle_1013.vnnlib,20
onnx/ruarobot/perturbations_0.onnx,vnnlib/ruarobot/hyperrectangle_5907.vnnlib,20
onnx/ruarobot/perturbations_0.onnx,vnnlib/ruarobot/hyperrectangle_2685.vnnlib,20
onnx/ruarobot/perturbations_0.onnx,vnnlib/ruarobot/hyperrectangle_5873.vnnlib,20
onnx/ruarobot/perturbations_0.onnx,vnnlib/ruarobot/hyperrectangle_1712.vnnlib,20
onnx/medical/perturbations_0.onnx,vnnlib/medical/hyperrectangle_2292.vnnlib,20
onnx/medical/perturbations_0.onnx,vnnlib/medical/hyperrectangle_1498.vnnlib,20
onnx/ruarobot/perturbations_0.onnx,vnnlib/ruarobot/hyperrectangle_7127.vnnlib,20
onnx/ruarobot/perturbations_0.onnx,vnnlib/ruarobot/hyperrectangle_3214.vnnlib,20
onnx/ruarobot/perturbations_0.onnx,vnnlib/ruarobot/hyperrectangle_3000.vnnlib,20
onnx/ruarobot/perturbations_0.onnx,vnnlib/ruarobot/hyperrectangle_2701.vnnlib,20
onnx/ruarobot/perturbations_0.onnx,vnnlib/ruarobot/hyperrectangle_841.vnnlib,20
onnx/ruarobot/perturbations_0.onnx,vnnlib/ruarobot/hyperrectangle_221.vnnlib,20
onnx/medical/perturbations_0.onnx,vnnlib/medical/hyperrectangle_1113.vnnlib,20
onnx/medical/perturbations_0.onnx,vnnlib/medical/hyperrectangle_461.vnnlib,20
onnx/medical/perturbations_0.onnx,vnnlib/medical/hyperrectangle_454.vnnlib,20
onnx/ruarobot/perturbations_0.onnx,vnnlib/ruarobot/hyperrectangle_2271.vnnlib,20
onnx/ruarobot/perturbations_0.onnx,vnnlib/ruarobot/hyperrectangle_5915.vnnlib,20
onnx/ruarobot/perturbations_0.onnx,vnnlib/ruarobot/hyperrectangle_5179.vnnlib,20
onnx/ruarobot/perturbations_0.onnx,vnnlib/ruarobot/hyperrectangle_4413.vnnlib,20
onnx/ruarobot/perturbations_0.onnx,vnnlib/ruarobot/hyperrectangle_6590.vnnlib,20
onnx/ruarobot/perturbations_0.onnx,vnnlib/ruarobot/hyperrectangle_242.vnnlib,20
onnx/ruarobot/perturbations_0.onnx,vnnlib/ruarobot/hyperrectangle_5809.vnnlib,20
onnx/ruarobot/perturbations_0.onnx,vnnlib/ruarobot/hyperrectangle_5003.vnnlib,20
onnx/ruarobot/perturbations_0.onnx,vnnlib/ruarobot/hyperrectangle_4597.vnnlib,20
onnx/ruarobot/perturbations_0.onnx,vnnlib/ruarobot/hyperrectangle_210.vnnlib,20
onnx/ruarobot/perturbations_0.onnx,vnnlib/ruarobot/hyperrectangle_2754.vnnlib,20
onnx/ruarobot/perturbations_0.onnx,vnnlib/ruarobot/hyperrectangle_2070.vnnlib,20
onnx/ruarobot/perturbations_0.onnx,vnnlib/ruarobot/hyperrectangle_406.vnnlib,20
onnx/medical/perturbations_0.onnx,vnnlib/medical/hyperrectangle_1262.vnnlib,20
onnx/ruarobot/perturbations_0.onnx,vnnlib/ruarobot/hyperrectangle_2369.vnnlib,20
onnx/ruarobot/perturbations_0.onnx,vnnlib/ruarobot/hyperrectangle_1180.vnnlib,20
onnx/ruarobot/perturbations_0.onnx,vnnlib/ruarobot/hyperrectangle_1899.vnnlib,20
onnx/ruarobot/perturbations_0.onnx,vnnlib/ruarobot/hyperrectangle_1869.vnnlib,20
onnx/medical/perturbations_0.onnx,vnnlib/medical/hyperrectangle_610.vnnlib,20
onnx/ruarobot/perturbations_0.onnx,vnnlib/ruarobot/hyperrectangle_4344.vnnlib,20
onnx/ruarobot/perturbations_0.onnx,vnnlib/ruarobot/hyperrectangle_2090.vnnlib,20
onnx/ruarobot/perturbations_0.onnx,vnnlib/ruarobot/hyperrectangle_7746.vnnlib,20
onnx/ruarobot/perturbations_0.onnx,vnnlib/ruarobot/hyperrectangle_7184.vnnlib,20
onnx/ruarobot/perturbations_0.onnx,vnnlib/ruarobot/hyperrectangle_7214.vnnlib,20
onnx/ruarobot/perturbations_0.onnx,vnnlib/ruarobot/hyperrectangle_2962.vnnlib,20
onnx/ruarobot/perturbations_0.onnx,vnnlib/ruarobot/hyperrectangle_1540.vnnlib,20
onnx/medical/perturbations_0.onnx,vnnlib/medical/hyperrectangle_2615.vnnlib,20
onnx/ruarobot/perturbations_0.onnx,vnnlib/ruarobot/hyperrectangle_5950.vnnlib,20
onnx/ruarobot/perturbations_0.onnx,vnnlib/ruarobot/hyperrectangle_4598.vnnlib,20
onnx/ruarobot/perturbations_0.onnx,vnnlib/ruarobot/hyperrectangle_4995.vnnlib,20
onnx/ruarobot/perturbations_0.onnx,vnnlib/ruarobot/hyperrectangle_2131.vnnlib,20
onnx/ruarobot/perturbations_0.onnx,vnnlib/ruarobot/hyperrectangle_4029.vnnlib,20
onnx/ruarobot/perturbations_0.onnx,vnnlib/ruarobot/hyperrectangle_5068.vnnlib,20
onnx/ruarobot/perturbations_0.onnx,vnnlib/ruarobot/hyperrectangle_4145.vnnlib,20
onnx/medical/perturbations_0.onnx,vnnlib/medical/hyperrectangle_212.vnnlib,20
onnx/ruarobot/perturbations_0.onnx,vnnlib/ruarobot/hyperrectangle_2813.vnnlib,20
onnx/ruarobot/perturbations_0.onnx,vnnlib/ruarobot/hyperrectangle_852.vnnlib,20
onnx/ruarobot/perturbations_0.onnx,vnnlib/ruarobot/hyperrectangle_1478.vnnlib,20
onnx/ruarobot/perturbations_0.onnx,vnnlib/ruarobot/hyperrectangle_6546.vnnlib,20
onnx/ruarobot/perturbations_0.onnx,vnnlib/ruarobot/hyperrectangle_3682.vnnlib,20
onnx/medical/perturbations_0.onnx,vnnlib/medical/hyperrectangle_1821.vnnlib,20
onnx/ruarobot/perturbations_0.onnx,vnnlib/ruarobot/hyperrectangle_1997.vnnlib,20
onnx/medical/perturbations_0.onnx,vnnlib/medical/hyperrectangle_157.vnnlib,20
onnx/ruarobot/perturbations_0.onnx,vnnlib/ruarobot/hyperrectangle_4194.vnnlib,20
onnx/ruarobot/perturbations_0.onnx,vnnlib/ruarobot/hyperrectangle_5858.vnnlib,20
onnx/medical/perturbations_0.onnx,vnnlib/medical/hyperrectangle_2487.vnnlib,20
onnx/ruarobot/perturbations_0.onnx,vnnlib/ruarobot/hyperrectangle_7039.vnnlib,20
onnx/medical/perturbations_0.onnx,vnnlib/medical/hyperrectangle_1195.vnnlib,20
onnx/ruarobot/perturbations_0.onnx,vnnlib/ruarobot/hyperrectangle_167.vnnlib,20
onnx/medical/perturbations_0.onnx,vnnlib/medical/hyperrectangle_2614.vnnlib,20
onnx/ruarobot/perturbations_0.onnx,vnnlib/ruarobot/hyperrectangle_5625.vnnlib,20
onnx/medical/perturbations_0.onnx,vnnlib/medical/hyperrectangle_1996.vnnlib,20
onnx/medical/perturbations_0.onnx,vnnlib/medical/hyperrectangle_1449.vnnlib,20
onnx/ruarobot/perturbations_0.onnx,vnnlib/ruarobot/hyperrectangle_4298.vnnlib,20
onnx/ruarobot/perturbations_0.onnx,vnnlib/ruarobot/hyperrectangle_4007.vnnlib,20
onnx/medical/perturbations_0.onnx,vnnlib/medical/hyperrectangle_307.vnnlib,20
onnx/ruarobot/perturbations_0.onnx,vnnlib/ruarobot/hyperrectangle_3144.vnnlib,20
onnx/ruarobot/perturbations_0.onnx,vnnlib/ruarobot/hyperrectangle_226.vnnlib,20
onnx/medical/perturbations_0.onnx,vnnlib/medical/hyperrectangle_2625.vnnlib,20
onnx/ruarobot/perturbations_0.onnx,vnnlib/ruarobot/hyperrectangle_3279.vnnlib,20
onnx/medical/perturbations_0.onnx,vnnlib/medical/hyperrectangle_527.vnnlib,20
onnx/ruarobot/perturbations_0.onnx,vnnlib/ruarobot/hyperrectangle_1096.vnnlib,20
onnx/medical/perturbations_0.onnx,vnnlib/medical/hyperrectangle_2265.vnnlib,20
onnx/medical/perturbations_0.onnx,vnnlib/medical/hyperrectangle_2597.vnnlib,20
onnx/ruarobot/perturbations_0.onnx,vnnlib/ruarobot/hyperrectangle_3680.vnnlib,20
onnx/ruarobot/perturbations_0.onnx,vnnlib/ruarobot/hyperrectangle_5990.vnnlib,20
onnx/medical/perturbations_0.onnx,vnnlib/medical/hyperrectangle_704.vnnlib,20
onnx/medical/perturbations_0.onnx,vnnlib/medical/hyperrectangle_2689.vnnlib,20
onnx/ruarobot/perturbations_0.onnx,vnnlib/ruarobot/hyperrectangle_1640.vnnlib,20
onnx/ruarobot/perturbations_0.onnx,vnnlib/ruarobot/hyperrectangle_5384.vnnlib,20
onnx/medical/perturbations_0.onnx,vnnlib/medical/hyperrectangle_1634.vnnlib,20
onnx/ruarobot/perturbations_0.onnx,vnnlib/ruarobot/hyperrectangle_4066.vnnlib,20
onnx/ruarobot/perturbations_0.onnx,vnnlib/ruarobot/hyperrectangle_7094.vnnlib,20
onnx/medical/perturbations_0.onnx,vnnlib/medical/hyperrectangle_1495.vnnlib,20
onnx/ruarobot/perturbations_0.onnx,vnnlib/ruarobot/hyperrectangle_382.vnnlib,20
onnx/ruarobot/perturbations_0.onnx,vnnlib/ruarobot/hyperrectangle_2140.vnnlib,20
onnx/ruarobot/perturbations_0.onnx,vnnlib/ruarobot/hyperrectangle_4003.vnnlib,20
onnx/medical/perturbations_0.onnx,vnnlib/medical/hyperrectangle_275.vnnlib,20
onnx/medical/perturbations_0.onnx,vnnlib/medical/hyperrectangle_182.vnnlib,20
onnx/ruarobot/perturbations_0.onnx,vnnlib/ruarobot/hyperrectangle_377.vnnlib,20
onnx/ruarobot/perturbations_0.onnx,vnnlib/ruarobot/hyperrectangle_2004.vnnlib,20
onnx/ruarobot/perturbations_0.onnx,vnnlib/ruarobot/hyperrectangle_1554.vnnlib,20
onnx/ruarobot/perturbations_0.onnx,vnnlib/ruarobot/hyperrectangle_3648.vnnlib,20
onnx/ruarobot/perturbations_0.onnx,vnnlib/ruarobot/hyperrectangle_3840.vnnlib,20
onnx/medical/perturbations_0.onnx,vnnlib/medical/hyperrectangle_1811.vnnlib,20
onnx/ruarobot/perturbations_0.onnx,vnnlib/ruarobot/hyperrectangle_1334.vnnlib,20
onnx/ruarobot/perturbations_0.onnx,vnnlib/ruarobot/hyperrectangle_6526.vnnlib,20
onnx/ruarobot/perturbations_0.onnx,vnnlib/ruarobot/hyperrectangle_4174.vnnlib,20
onnx/ruarobot/perturbations_0.onnx,vnnlib/ruarobot/hyperrectangle_4388.vnnlib,20
onnx/ruarobot/perturbations_0.onnx,vnnlib/ruarobot/hyperrectangle_6378.vnnlib,20
onnx/medical/perturbations_0.onnx,vnnlib/medical/hyperrectangle_2088.vnnlib,20
onnx/ruarobot/perturbations_0.onnx,vnnlib/ruarobot/hyperrectangle_7312.vnnlib,20
onnx/medical/perturbations_0.onnx,vnnlib/medical/hyperrectangle_1255.vnnlib,20
onnx/medical/perturbations_0.onnx,vnnlib/medical/hyperrectangle_2769.vnnlib,20
onnx/ruarobot/perturbations_0.onnx,vnnlib/ruarobot/hyperrectangle_5832.vnnlib,20
onnx/medical/perturbations_0.onnx,vnnlib/medical/hyperrectangle_2065.vnnlib,20
onnx/ruarobot/perturbations_0.onnx,vnnlib/ruarobot/hyperrectangle_7337.vnnlib,20
onnx/medical/perturbations_0.onnx,vnnlib/medical/hyperrectangle_1678.vnnlib,20
onnx/ruarobot/perturbations_0.onnx,vnnlib/ruarobot/hyperrectangle_6784.vnnlib,20
onnx/medical/perturbations_0.onnx,vnnlib/medical/hyperrectangle_692.vnnlib,20
onnx/ruarobot/perturbations_0.onnx,vnnlib/ruarobot/hyperrectangle_2521.vnnlib,20
onnx/ruarobot/perturbations_0.onnx,vnnlib/ruarobot/hyperrectangle_2250.vnnlib,20
onnx/medical/perturbations_0.onnx,vnnlib/medical/hyperrectangle_302.vnnlib,20
onnx/ruarobot/perturbations_0.onnx,vnnlib/ruarobot/hyperrectangle_2009.vnnlib,20
onnx/ruarobot/perturbations_0.onnx,vnnlib/ruarobot/hyperrectangle_7617.vnnlib,20
onnx/ruarobot/perturbations_0.onnx,vnnlib/ruarobot/hyperrectangle_1201.vnnlib,20
onnx/medical/perturbations_0.onnx,vnnlib/medical/hyperrectangle_1968.vnnlib,20
onnx/medical/perturbations_0.onnx,vnnlib/medical/hyperrectangle_1014.vnnlib,20
onnx/ruarobot/perturbations_0.onnx,vnnlib/ruarobot/hyperrectangle_7892.vnnlib,20
onnx/medical/perturbations_0.onnx,vnnlib/medical/hyperrectangle_1800.vnnlib,20
onnx/ruarobot/perturbations_0.onnx,vnnlib/ruarobot/hyperrectangle_4392.vnnlib,20
onnx/medical/perturbations_0.onnx,vnnlib/medical/hyperrectangle_805.vnnlib,20
onnx/medical/perturbations_0.onnx,vnnlib/medical/hyperrectangle_1652.vnnlib,20
onnx/ruarobot/perturbations_0.onnx,vnnlib/ruarobot/hyperrectangle_7921.vnnlib,20
onnx/medical/perturbations_0.onnx,vnnlib/medical/hyperrectangle_753.vnnlib,20
onnx/ruarobot/perturbations_0.onnx,vnnlib/ruarobot/hyperrectangle_1235.vnnlib,20
onnx/ruarobot/perturbations_0.onnx,vnnlib/ruarobot/hyperrectangle_4127.vnnlib,20
onnx/ruarobot/perturbations_0.onnx,vnnlib/ruarobot/hyperrectangle_4041.vnnlib,20
onnx/medical/perturbations_0.onnx,vnnlib/medical/hyperrectangle_297.vnnlib,20
onnx/ruarobot/perturbations_0.onnx,vnnlib/ruarobot/hyperrectangle_1379.vnnlib,20
onnx/medical/perturbations_0.onnx,vnnlib/medical/hyperrectangle_1283.vnnlib,20
onnx/medical/perturbations_0.onnx,vnnlib/medical/hyperrectangle_2032.vnnlib,20
onnx/ruarobot/perturbations_0.onnx,vnnlib/ruarobot/hyperrectangle_6327.vnnlib,20
onnx/ruarobot/perturbations_0.onnx,vnnlib/ruarobot/hyperrectangle_4434.vnnlib,20
onnx/ruarobot/perturbations_0.onnx,vnnlib/ruarobot/hyperrectangle_3197.vnnlib,20
onnx/medical/perturbations_0.onnx,vnnlib/medical/hyperrectangle_943.vnnlib,20
onnx/medical/perturbations_0.onnx,vnnlib/medical/hyperrectangle_2619.vnnlib,20
onnx/ruarobot/perturbations_0.onnx,vnnlib/ruarobot/hyperrectangle_7333.vnnlib,20
onnx/ruarobot/perturbations_0.onnx,vnnlib/ruarobot/hyperrectangle_3895.vnnlib,20
onnx/ruarobot/perturbations_0.onnx,vnnlib/ruarobot/hyperrectangle_4380.vnnlib,20
onnx/ruarobot/perturbations_0.onnx,vnnlib/ruarobot/hyperrectangle_2613.vnnlib,20
onnx/medical/perturbations_0.onnx,vnnlib/medical/hyperrectangle_1531.vnnlib,20
onnx/ruarobot/perturbations_0.onnx,vnnlib/ruarobot/hyperrectangle_5034.vnnlib,20
onnx/medical/perturbations_0.onnx,vnnlib/medical/hyperrectangle_1609.vnnlib,20
onnx/ruarobot/perturbations_0.onnx,vnnlib/ruarobot/hyperrectangle_7422.vnnlib,20
onnx/ruarobot/perturbations_0.onnx,vnnlib/ruarobot/hyperrectangle_3960.vnnlib,20
onnx/medical/perturbations_0.onnx,vnnlib/medical/hyperrectangle_2437.vnnlib,20
